"","date","ExaRank","exascalar","green500rank","top500rank","rmax","power","mflopswatt","computer"
"1",2014-11-01,1,-2.044,64,1,33862700,17808,1901.54425,"TH-IVB-FEP Cluster, Intel Xeon E5-2692 12C 2.200GHz, TH Express-2, Intel Xeon Phi 31S1P"
"2",2014-11-01,2,-2.208,53,2,17590000,8209,2142.77013,"Cray XK7 , Opteron 6274 16C 2.200GHz, Cray Gemini interconnect, NVIDIA K20x"
"3",2014-11-01,3,-2.211,48,3,17173224,7890,2176.580989,"BlueGene/Q, Power BQC 16C 1.60 GHz, Custom"
"6",2014-11-01,4,-2.403,9,6,6271000,1753.66,3185.908329,"Cray XC30, Xeon E5-2670 8C 2.600GHz, Aries interconnect , NVIDIA K20x"
"5",2014-11-01,5,-2.424,47,5,8586612,3945,2176.580989,"BlueGene/Q, Power BQC 16C 1.60GHz, Custom"
"8",2014-11-01,6,-2.589,40,8,5008857,2301,2176.817471,"BlueGene/Q, Power BQC 16C 1.600GHz, Custom Interconnect"
"9",2014-11-01,7,-2.636,38,9,4293306,1972,2177.13286,"BlueGene/Q, Power BQC 16C 1.600GHz, Custom Interconnect"
"4",2014-11-01,8,-2.657,156,4,10510000,12659.89,830.1809889,"K computer, SPARC64 VIIIfx 2.0GHz, Tofu interconnect"
"10",2014-11-01,9,-2.664,22,10,3577000,1498.9,2386.416706,"Cray CS-Storm, Intel Xeon E5-2660v2 10C 2.2GHz, Infiniband FDR, Nvidia K40"
"12",2014-11-01,10,-2.673,18,12,3188000,1227,2598.207009,"iDataPlex DX360M4, Intel Xeon E5-2680v2  10C 2.8GHz, Infiniband FDR, NVIDIA K20x"
"15",2014-11-01,11,-2.676,12,15,2785000,927.86,2951.941233,"Cluster Platform SL390s G7, Xeon X5670 6C 2.93GHz, Infiniband QDR, NVIDIA K20x"
"7",2014-11-01,12,-2.776,91,7,5168110,4510,1145.922395,"PowerEdge C8220, Xeon E5-2680 8C 2.700GHz, Infiniband FDR, Intel Xeon Phi SE10P"
"16",2014-11-01,13,-2.825,69,16,2763000,1512,1827.380952,"Cray XC40, Xeon E5-2680v3 12C 2.5GHz, Aries interconnect "
"18",2014-11-01,14,-2.85,68,18,2539130,1384,1834.631503,"Atipa Visione IF442 Blade Server, Xeon E5-2670 8C 2.600GHz, Infiniband FDR, Intel Xeon Phi 5110P"
"21",2014-11-01,15,-2.874,57,21,2071390,997,2077.622869,"Tianhe-2 LvLiang, Intel Xeon E5-2692v2 12C 2.2GHz, TH Express-2, Intel Xeon Phi 31S1P"
"19",2014-11-01,16,-2.881,74,19,2485000,1465.78125,1695.341648,"Cray XC40, Xeon E5-2698v3 16C 2.3GHz, Aries interconnect "
"23",2014-11-01,17,-2.905,49,23,1788878,821.88,2176.568355,"BlueGene/Q, Power BQC 16C 1.60GHz, Custom"
"11",2014-11-01,18,-2.927,97,11,3375600,3140.7,1074.792244,"SGI ICE X, Intel Xeon E5-2670/E5-2680v2/E5-2680v3  2.6/2.8/2.5 GHz, Infiniband FDR"
"30",2014-11-01,19,-2.974,36,30,1431102,657,2178.237443,"BlueGene/Q, Power BQC 16C 1.60GHz, Custom"
"26",2014-11-01,20,-3.002,71,26,1628770,934.8,1742.3727,"bullx  DLC, Xeon E5-2690v3 12C 2.6GHz, Infiniband FDR"
"32",2014-11-01,21,-3.043,70,32,1397000,785.625,1778.202068,"Cray XC40, Xeon E5-2698v3 16C 2.3GHz, Aries interconnect "
"14",2014-11-01,22,-3.047,152,14,2897000,3422.67,846.4152255,"iDataPlex DX360M4, Xeon E5-2680 8C 2.70GHz, Infiniband FDR"
"42",2014-11-01,23,-3.062,37,42,1073327,493,2177.133874,"BlueGene/Q, Power BQC 16C 1.60GHz, Custom"
"43",2014-11-01,24,-3.062,42,43,1073327,493.12,2176.604072,"BlueGene/Q, Power BQC 16C 1.60GHz, Custom"
"37",2014-11-01,25,-3.067,67,37,1250000,680,1838.235294,"Cray XC40, Xeon E5-2690v3 12C 2.6GHz, Aries interconnect "
"46",2014-11-01,26,-3.079,55,46,1052000,500,2104,"Dell C8220X Cluster, Intel Xeon E5-2680v2  10C 2.8GHz, Infiniband FDR, NVIDIA K20x"
"20",2014-11-01,27,-3.098,106,20,2098090,2118,990.5996223,"SGI ICE X, Xeon E5-2670 8C 2.600GHz, Infiniband FDR"
"59",2014-11-01,28,-3.118,41,59,894439,410.9,2176.780239,"BlueGene/Q, Power BQC 16C 1.60GHz, Custom"
"53",2014-11-01,29,-3.13,63,53,976763,510,1915.221569,"Cluster Platform SL250s Gen8, Xeon E5-2670 8C 2.600GHz, Infiniband FDR, Intel Xeon Phi 5110P"
"77",2014-11-01,30,-3.131,17,77,709700,269.94,2629.102764,"iDataPlex DX360M4, Intel Xeon E5-2680v2  10C 2.800GHz, Infiniband, NVIDIA K20x"
"56",2014-11-01,31,-3.144,65,56,944800,499.5279258,1891.585938,"Cray XC40, Xeon E5-2690v3 12C 2.6GHz, Aries interconnect "
"41",2014-11-01,32,-3.155,77,41,1097558,697.5,1573.559857,"Cray XC40, Xeon E5-2690v3 12C 2.6GHz, Aries interconnect "
"168",2014-11-01,33,-3.165,1,168,316700,57.153,5271.8142,"ASUS ESC4000 FDR/G2S, Intel Xeon E5-2690v2 10C 3GHz, Infiniband FDR, AMD FirePro S9150"
"17",2014-11-01,34,-3.173,212,17,2566000,4040,635.1485149,"NUDT YH MPP, Xeon X5670 6C 2.93 GHz, NVIDIA 2050"
"13",2014-11-01,35,-3.186,229,13,3143520,6327.55,496.798762,"Cray XC30, Intel Xeon E5-2697v2 12C 2.7GHz, Aries interconnect "
"72",2014-11-01,36,-3.186,34,72,715551,328,2181.557927,"BlueGene/Q, Power BQC 16C 1.600GHz, Custom Interconnect"
"74",2014-11-01,37,-3.186,35,74,715551,328,2181.557927,"BlueGene/Q, Power BQC 16C 1.600GHz, Custom Interconnect"
"73",2014-11-01,38,-3.187,45,73,715551,328.75,2176.580989,"BlueGene/Q, Power BQC 16C 1.60GHz, Custom"
"75",2014-11-01,39,-3.187,39,75,715551,328.7,2176.912078,"BlueGene/Q, Power BQC 16C 1.600GHz, Custom Interconnect"
"76",2014-11-01,40,-3.187,46,76,715551,328.75,2176.580989,"BlueGene/Q, Power BQC 16C 1.60GHz, Custom"
"45",2014-11-01,41,-3.188,80,45,1052510,715.4,1471.20492,"Bullx DLC B710/B720 Blades, Xeon E5-2695 v2 2.4GHz E5-2690v3 2.6GHz, Infiniband FDR"
"70",2014-11-01,42,-3.194,60,70,745997,365.8,2039.357572,"Cray CS300 1027GR, Intel Xeon E5-2670v2  10C 2.500GHz, Infiniband FDR, Intel Xeon Phi 7110P"
"69",2014-11-01,43,-3.201,61,69,758873,387.2,1959.899277,"Intel Cluster, Intel Xeon E5-2697v2 12C 2.700GHz, Infiniband FDR, Intel Xeon Phi 7110"
"81",2014-11-01,44,-3.23,58,81,658112,320,2056.6,"RSC Tornado, Xeon E5-2697v3 14C 2.6GHz, Infiniband FDR"
"34",2014-11-01,45,-3.24,102,34,1283311.9,1260,1018.501508,"iDataPlex DX360M4, Intel Xeon E5-2680v2  10C 2.800GHz, Infiniband FDR"
"93",2014-11-01,46,-3.254,23,93,532600,179.15,2351.1,"Adtech, ASUS ESC4000/FDR G2, Xeon E5-2650 8C 2.000GHz, Infiniband FDR, AMD FirePro S10000"
"31",2014-11-01,47,-3.255,137,31,1415470,1606,881.3636364,"SGI ICE X, Xeon E5-2670 8C 2.600GHz, Infiniband FDR"
"94",2014-11-01,48,-3.269,32,94,531600,237,2243.037975,"Cluster Platform SL250s Gen8, Xeon E5-2665 8C 2.400GHz, Infiniband FDR, Nvidia K20m"
"91",2014-11-01,49,-3.275,44,91,536663,246.56,2176.602044,"BlueGene/Q, Power BQC 16C 1.60GHz, Custom"
"92",2014-11-01,50,-3.275,43,92,536663,246.56,2176.602044,"BlueGene/Q, Power BQC 16C 1.600GHz, Custom Interconnect"
"97",2014-11-01,51,-3.278,31,97,511236,226,2262.106195,"SGI ICE X, Xeon E5-2680v3 12C 2.5GHz, Infiniband FDR"
"63",2014-11-01,52,-3.285,82,63,801400,568.5,1409.674582,"Cray XC40, Xeon E5-2690v3 12C 2.6GHz, Aries interconnect "
"51",2014-11-01,53,-3.288,93,51,991525,877.5,1129.94302,"Cray XC40, Intel Xeon E5-2695v2/E5-2680v3 12C 2.4/2.5GHz, Aries interconnect "
"36",2014-11-01,54,-3.293,138,36,1257615,1436.72,875.3375745,"iDataPlex DX360M4, Xeon E5-2670 8C 2.600GHz, Infiniband FDR"
"54",2014-11-01,55,-3.3,95,54,958734,855.1,1121.195182,"SGI ICE X, Intel Xeon E5-2680v2  10C 2.8GHz, Infiniband FDR"
"28",2014-11-01,56,-3.312,207,28,1552000,2328.48,666.529238,"Cray XC30, Intel Xeon E5-2697v2 12C 2.7GHz, Aries interconnect "
"29",2014-11-01,57,-3.312,208,29,1552000,2328.48,666.529238,"Cray XC30, Intel Xeon E5-2697v2 12C 2.7GHz, Aries interconnect "
"64",2014-11-01,58,-3.314,88,64,798261,619,1289.597738,"SuperBlade SBI-7127RG-E, Intel Xeon E5-2695v2 12C 2.4GHz, Infiniband FDR, Intel Xeon Phi 7120P"
"154",2014-11-01,59,-3.319,11,154,335300,86.2,3019.686547,"Nitro G16 3GPU, Xeon E5-2650 8C 2GHz, Infiniband FDR, Nvidia K20m"
"198",2014-11-01,60,-3.331,7,198,277100,78.77,3517.83674,"Cray CS300 Cluster, Intel Xeon E5-2680v2  10C 2.800GHz, Infiniband QDR, NVIDIA K20x"
"48",2014-11-01,61,-3.347,136,48,1043000,1176.8,886.3018355,"PRIMEHPC FX10, SPARC64 IXfx 16C 1.848GHz, Tofu interconnect"
"115",2014-11-01,62,-3.354,56,115,430459,205,2099.8,"bullx DLC 720, Xeon E5-2690v3 12C 2.6GHz, Infiniband FDR"
"369",2014-11-01,63,-3.362,2,369,178107,37.83282752,4945.625592,"ExaScaler 32U256SC Cluster, Intel Xeon E5-2660v2 10C 2.2GHz, Infiniband FDR, PEZY-SC"
"132",2014-11-01,64,-3.363,25,132,380504,165.3,2301.899577,"Cray XC30, Intel Xeon E5-2670v2  10C 2.500GHz, Aries interconnect , Intel Xeon Phi 5120D"
"61",2014-11-01,65,-3.364,98,61,829805,787.5,1053.720635,"Cray XC40, Intel Xeon E5-2695v2 12C 2.4GHz/E5-2680v3 12C 2.5GHz, Aries interconnect "
"241",2014-11-01,66,-3.365,5,241,239900,52.62,3631.864623,"Dell T620 Cluster, Intel Xeon E5-2630v2 6C 2.600GHz, Infiniband FDR, NVIDIA K20"
"33",2014-11-01,67,-3.367,211,33,1359000,2132,637.4296435,"Bullx B510, Xeon E5-2680 8C 2.700GHz, Infiniband QDR"
"68",2014-11-01,68,-3.369,94,68,767504,684.5,1121.262235,"SGI ICE X, Intel Xeon E5-2680v2  10C 2.8GHz, Infiniband FDR"
"57",2014-11-01,69,-3.375,125,57,925058,1015.6,910.8487594,"iDataPlex DX360M4, Xeon E5-2670 8C 2.600GHz, Infiniband FDR"
"88",2014-11-01,70,-3.377,78,88,557033,370,1505.494595,"Dell C8220X Cluster, Intel Xeon E5-2680v2  10C 2.8GHz, Infiniband FDR, Intel Xeon Phi 7120P"
"25",2014-11-01,71,-3.385,228,25,1642536,3306.24,496.7987805,"Cray XC30, Intel Xeon E5 v2 12C 2.700GHz, Aries interconnect "
"119",2014-11-01,72,-3.388,62,119,417256,215.6,1935.324675,"iDataPlex DX360M4, Xeon E5-2670 8C 2.600GHz, Infiniband QDR, Intel Xeon Phi 5110P"
"221",2014-11-01,73,-3.392,10,221,254900,81.41,3131.06498,"Bull R421-E3 Cluster, Intel Xeon E5-2650v2 8C 2.600GHz, Infiniband FDR, NVIDIA K20x"
"85",2014-11-01,74,-3.395,86,85,596010,450,1324.466667,"Oil blade server, Intel Xeon E5-2650v2  8C 2.6GHz, Intel TrueScale Infiniband"
"84",2014-11-01,75,-3.399,87,84,597400,458.12,1304.025146,"Cray XK7 , Opteron 6276 16C 2.300GHz, Cray Gemini interconnect, NVIDIA K20"
"138",2014-11-01,76,-3.399,33,138,357776,164,2181.560976,"BlueGene/Q, Power BQC 16C 1.60GHz, Custom"
"139",2014-11-01,77,-3.399,50,139,357776,164.38,2176.517825,"BlueGene/Q, Power BQC 16C 1.60 GHz, Custom"
"140",2014-11-01,78,-3.399,51,140,357776,164.38,2176.517825,"BlueGene/Q, Power BQC 16C 1.60 GHz, Custom"
"392",2014-11-01,79,-3.409,3,392,169600,35.39,4447.584063,"LX 1U-4GPU/104Re-1G  Cluster, Intel Xeon E5-2620v2 6C 2.100GHz, Infiniband FDR, NVIDIA K20x"
"148",2014-11-01,80,-3.412,52,148,345600,159.64,2164.87096,"Cray XC40, Xeon E5-2690v3 12C 2.6GHz, Aries interconnect "
"24",2014-11-01,81,-3.419,247,24,1654702,3747.07,441.5986669,"Cray XC30, Intel Xeon E5-2695v2 12C 2.4GHz, Aries interconnect "
"131",2014-11-01,82,-3.424,66,131,388442,209.95,1850.164325,"R2208GZ Cluster, Xeon E5-2670 8C 2.600GHz, Infiniband FDR, Intel Xeon Phi 5110P"
"361",2014-11-01,83,-3.426,4,361,180200,44.54,3962.73013,"Cray CS-Storm, Intel Xeon E5-2660v2 10C 2.2GHz, Infiniband FDR, Nvidia K40m"
"27",2014-11-01,84,-3.43,245,27,1587000,3575.63,443.8378691,"Power 775, POWER7 8C 3.836GHz, Custom Interconnect"
"38",2014-11-01,85,-3.434,223,38,1237000,2200,562.2727273,"Bullx B510, Xeon E5-2680 8C 2.700GHz, Infiniband QDR"
"318",2014-11-01,86,-3.439,6,318,193465,54.6,3543.315018,"iDataPlex DX360M4, Intel Xeon E5-2680v2  10C 2.800GHz, Infiniband, NVIDIA K20x"
"71",2014-11-01,87,-3.453,128,71,719220,789.66,910.7970519,"iDataPlex DX360M4, Xeon E5-2670 8C 2.600GHz, Infiniband FDR"
"66",2014-11-01,88,-3.456,155,66,773700,924.16,837.1926939,"Xtreme-X GreenBlade GB512X, Xeon E5 (Sandy Bridge - EP) 8C 2.60GHz, Infiniband QDR"
"78",2014-11-01,89,-3.458,129,78,705902,775.04,910.7942816,"iDataPlex DX360M4, Xeon E5-2670 8C 2.600GHz, Infiniband FDR"
"79",2014-11-01,90,-3.458,130,79,705902,775.04,910.7942816,"iDataPlex DX360M4, Xeon E5-2670 8C 2.600GHz, Infiniband FDR"
"222",2014-11-01,91,-3.462,20,222,254328,101.93,2495.124105,"Cray CS300-LC, Intel Xeon E5-2680v2  10C 2.8GHz, Infiniband FDR, Intel Xeon Phi 5110P"
"133",2014-11-01,92,-3.463,75,133,375700,222.7,1687.022901,"RSC Tornado, Xeon E5-2690 8C 2.900GHz, Infiniband FDR, Intel Xeon Phi SE10X"
"35",2014-11-01,93,-3.466,231,35,1271000,2580,492.6356589,"Dawning TC3600 Blade System, Xeon X5650 6C 2.66GHz, Infiniband QDR, NVIDIA 2050"
"52",2014-11-01,94,-3.481,216,52,978600,1605.12,609.6740431,"Fujitsu PRIMERGY CX250 S1, Xeon E5-2670 8C 2.600GHz, Infiniband FDR"
"65",2014-11-01,95,-3.485,181,65,795900,1074,741.0614525,"Sunway BlueLight MPP, ShenWei processor SW1600 975.00 MHz, Infiniband QDR"
"55",2014-11-01,96,-3.488,217,55,957600,1571.136,609.4952951,"Cray XC30, Intel Xeon E5-2697v2 12C 2.7GHz, Aries interconnect "
"203",2014-11-01,97,-3.491,54,203,273700,129.4,2115.146832,"Cray XK7 , Opteron 6272 16C 2.100GHz, Cray Gemini interconnect, NVIDIA Tesla K20 Kepler"
"105",2014-11-01,98,-3.499,89,105,469097,391,1199.736573,"Bullx DLC B710 Blades, Intel Xeon E5-2697v2 12C 2.7GHz, Infiniband FDR"
"271",2014-11-01,99,-3.5,19,271,220982,87,2540.022989,"Dell C8220X Cluster, Intel Xeon E5-2680v2  10C 2.8GHz, InfiniBand 4x FDR, Intel Xeon Phi 7120P"
"106",2014-11-01,100,-3.508,90,106,464865,395,1176.873418,"Bullx DLC B710 Blades, Intel Xeon E5-2697v2 12C 2.7GHz, Infiniband FDR"
"499",2014-11-01,101,-3.517,8,499,153600,44.4,3459.459459,"Bullx B515 cluster, Intel Xeon E5-2450v2 8C 2.5GHz, InfiniBand 4Ã— FDR, Nvidia K40m"
"177",2014-11-01,102,-3.52,72,177,302608,174,1739.126437,"Atipa Cluster, Xeon E5-2680v3 12C 2.5GHz, Infiniband FDR"
"67",2014-11-01,103,-3.526,206,67,771700,1155.07,668.0980373,"NUDT YH MPP, Xeon X5670 6C 2.93 GHz, Proprietary, NVIDIA 2050"
"50",2014-11-01,104,-3.537,227,50,1000520,2008.8,498.0684986,"Rackable Cluster, Xeon E5-2697v3 14C 2.6GHz, Infiniband FDR"
"256",2014-11-01,105,-3.553,59,256,230377,112.43,2049.070533,"SGI ICE X, Xeon E5-2690v3 12C 2.6GHz, Infiniband FDR"
"86",2014-11-01,106,-3.554,164,86,582100,720,808.4722222,"SGI ICE X, Xeon E5-2670 8C 2.600GHz, Infiniband FDR"
"378",2014-11-01,107,-3.562,13,378,174199,66.25,2629.418868,"iDataPlex DX360M4, Intel Xeon E5-2680v2  10C 2.800GHz, Infiniband FDR, NVIDIA K20x"
"379",2014-11-01,108,-3.562,14,379,174199,66.25,2629.418868,"iDataPlex DX360M4, Intel Xeon E5-2680v2  10C 2.800GHz, Infiniband FDR, NVIDIA K20x"
"380",2014-11-01,109,-3.562,15,380,174199,66.25,2629.418868,"iDataPlex DX360M4, Intel Xeon E5-2680v2  10C 2.800GHz, Infiniband FDR, NVIDIA K20x"
"381",2014-11-01,110,-3.562,16,381,174199,66.25,2629.418868,"iDataPlex DX360M4, Intel Xeon E5-2680v2  10C 2.800GHz, Infiniband FDR, NVIDIA K20x"
"99",2014-11-01,111,-3.563,121,99,496500,540,919.4444444,"Mole-8.5 Cluster, Xeon X5520 4C 2.27 GHz, Infiniband QDR, NVIDIA 2050"
"117",2014-11-01,112,-3.577,101,117,421600,407.29,1035.134671,"Xtreme-X GreenBlade 8204, Xeon E5-2670 8C 2.600GHz, Infiniband QDR, NVIDIA 2090"
"338",2014-11-01,113,-3.578,24,338,188967,82,2304.47561,"BlueGene/Q, Power BQC 16C 1.6GHz, Custom Interconnect"
"339",2014-11-01,114,-3.579,26,339,188967,82.19,2299.148315,"BlueGene/Q, Power BQC 16C 1.600GHz, Custom Interconnect"
"340",2014-11-01,115,-3.579,29,340,188967,82.19,2299.148315,"BlueGene/Q, Power BQC 16C 1.600GHz, Custom Interconnect"
"341",2014-11-01,116,-3.579,27,341,188967,82.19,2299.148315,"BlueGene/Q, Power BQC 16C 1.60 GHz, Custom"
"342",2014-11-01,117,-3.579,28,342,188967,82.19,2299.148315,"BlueGene/Q, Power BQC 16C 1.600GHz, Custom Interconnect"
"343",2014-11-01,118,-3.579,30,343,188967,82.19,2299.148315,"BlueGene/Q, Power BQC 16C 1.60GHz, Custom"
"174",2014-11-01,119,-3.593,84,174,307200,227.5,1350.32967,"Cray XC40, Xeon E5-2695v3 14C 2.3GHz, Aries interconnect "
"110",2014-11-01,120,-3.594,131,110,454053.34,498.53,910.7843861,"iDataPlex DX360M4, Xeon E5-2670 8C 2.600GHz, Infiniband FDR14"
"390",2014-11-01,121,-3.597,21,390,170500,71,2401.408451,"RSC PetaStream, Xeon E5-2697v3 14C 2.6GHz, Infiniband FDR, Intel Xeon Phi 5120D"
"111",2014-11-01,122,-3.615,143,111,441815,505.5,874.0158259,"iDataPlex DX360M4, Xeon E5-2670 8C 2.600GHz, Infiniband QDR"
"101",2014-11-01,123,-3.616,171,101,484179,609.41,794.5071282,"Amazon EC2 Cluster, Intel Xeon E5-2680v2  10C 2.800GHz, 10G Ethernet"
"44",2014-11-01,124,-3.618,260,44,1054000,2910,362.1993127,"Cray XE6, Opteron 6172 12C 2.10GHz, Custom"
"60",2014-11-01,125,-3.625,244,60,831400,1850,449.4054054,"Cray XE6, Opteron 6276 16C 2.30 GHz, Cray Gemini interconnect"
"128",2014-11-01,126,-3.629,114,128,390568,413.625,944.2562708,"Cray XC40, Intel Xeon E5-2670v2  10C 2.5GHz/E5-2680v3 12C 2.5Ghz, Aries interconnect "
"129",2014-11-01,127,-3.629,113,129,390568,413.625,944.2562708,"Cray XC40, Intel Xeon E5-2670v2  10C 2.5GHz/E5-2680v3 12C 2.5Ghz, Aries interconnect "
"142",2014-11-01,128,-3.638,103,142,352671,347.27,1015.55274,"iDataPlex DX360M4, Intel Xeon E5-2697v2 12C 2.700GHz, Infiniband FDR14"
"130",2014-11-01,129,-3.642,134,130,389507.6,429.1,907.7371248,"Cluster Platform 3000 BL460c Gen8, Intel Xeon E5-2697v2 12C 2.7GHz, Infiniband FDR"
"112",2014-11-01,130,-3.647,168,112,434800,544,799.2647059,"IBM Flex System p460, POWER7  8C 3.550GHz, Infiniband QDR"
"113",2014-11-01,131,-3.647,169,113,434800,544,799.2647059,"IBM Flex System p460, POWER7  8C 3.550GHz, Infiniband QDR"
"285",2014-11-01,132,-3.651,76,285,212912,132,1612.969697,"SGI Rackable C1104G-RP5, Xeon E5-2670 8C 2.600GHz, Infiniband FDR, Intel Xeon Phi"
"220",2014-11-01,133,-3.655,85,220,255078,192,1328.213542,"Bullx DLC B710 Blades, Intel Xeon E5-2680v2  10C 2.8GHz, Infiniband FDR"
"265",2014-11-01,134,-3.656,79,265,225129,150,1500.86,"Bullx B515 cluster, Xeon E5-2450 8C 2.1GHz, Infiniband FDR, Intel Xeon Phi 5110P"
"89",2014-11-01,135,-3.658,218,89,551000,906,608.1677704,"Cluster Platform SL250s Gen8, Xeon E5-2665 8C 2.4GHz/E5-2670v2, Infiniband FDR, Nvidia K20m"
"87",2014-11-01,136,-3.664,221,87,565700,972,581.9958848,"Cray XE6, Opteron 6276 16C 2.30GHz, Cray Gemini interconnect"
"317",2014-11-01,137,-3.664,73,317,193905,114.375,1695.344262,"Cray XC40, Xeon E5-2698v3 16C 2.3GHz, Aries interconnect "
"149",2014-11-01,138,-3.672,119,149,344317,369.9,930.8380643,"Cluster Platform SL230s Gen8, Intel Xeon E5-2670v2  10C 2.5GHz, Infiniband FDR"
"122",2014-11-01,139,-3.673,175,122,407240,519,784.6628131,"Cluster Platform SL230s Gen8, Xeon E5-2660 8C 2.200GHz, Infiniband FDR"
"153",2014-11-01,140,-3.677,115,153,335736,356.82,940.9113839,"IBM NeXtScale nx360M4, Intel Xeon E5-2670v2  10C 2.5GHz, Infiniband FDR"
"275",2014-11-01,141,-3.678,81,275,217887,150.96,1443.342607,"NEC Green Gem Cluster, Xeon E5-2630v3 8C 2.4GHz, Infiniband QDR"
"40",2014-11-01,142,-3.683,274,40,1110000,3980,278.8944724,"Cray XE6, Opteron 6136 8C 2.40GHz, Custom"
"144",2014-11-01,143,-3.685,139,144,350729,400.68,875.3344315,"iDataPlex DX360M4, Xeon E5-2670 8C 2.600GHz, Infiniband FDR"
"127",2014-11-01,144,-3.7,182,127,396700,537,738.7337058,"SGI ICE X, Xeon E5-2670 8C 2.600GHz, Infiniband FDR"
"109",2014-11-01,145,-3.701,210,109,456648,715.5,638.2222222,"Apollo 6000 XL230a, Xeon E5-2690v3 12C 2.6GHz, Infiniband FDR"
"58",2014-11-01,146,-3.702,268,58,901900,2800,322.1071429,"T-Platforms T-Blade2/1.1, Xeon X5570/X5670/E5630 2.93/2.53 GHz, Nvidia 2070 GPU, PowerXCell 8i Infiniband QDR"
"82",2014-11-01,147,-3.702,239,82,635111,1386.91,457.9323821,"Power 775, POWER7 8C 3.836GHz, Custom Interconnect"
"83",2014-11-01,148,-3.702,240,83,635111,1386.91,457.9323821,"Power 775, POWER7 8C 3.836GHz, Custom Interconnect"
"163",2014-11-01,149,-3.703,124,163,318443,349.6,910.8781465,"iDataPlex DX360M4, Xeon E5-2670 8C 2.600GHz, Infiniband FDR"
"155",2014-11-01,150,-3.704,149,155,334377,386.56,865.006726,"Cluster Platform 3000 BL460c Gen8, Xeon E5-2670 8C 2.60GHz, Infiniband FDR"
"145",2014-11-01,151,-3.707,159,145,347400,421.2,824.7863248,"Xtreme-X , Xeon E5-2670 8C 2.600GHz, Infiniband QDR"
"158",2014-11-01,152,-3.707,140,158,327347,373.97,875.3295719,"iDataPlex DX360M4, Xeon E5-2670 8C 2.600GHz, Infiniband FDR"
"159",2014-11-01,153,-3.707,141,159,327347,373.97,875.3295719,"iDataPlex DX360M4, Xeon E5-2670 8C 2.600GHz, Infiniband FDR"
"190",2014-11-01,154,-3.711,107,190,288200,294,980.2721088,"RSC Tornado, Xeon X5680 6C 3.330GHz, Infiniband QDR, Intel Xeon Phi SE10X"
"300",2014-11-01,155,-3.714,83,300,201374,145.07,1388.116082,"bullx B500/B510 cluster, Intel Xeon E5-2697v2 12C 2.7GHz/Xeon x5675, Infiniband QDR"
"146",2014-11-01,156,-3.725,176,146,347400,448,775.4464286,"Xtreme-X GreenBlade GB512X, Xeon E5-2670 8C 2.600GHz, Infiniband QDR"
"152",2014-11-01,157,-3.726,166,152,336800,421.2,799.620133,"Xtreme-X , Xeon E5-2670 8C 2.600GHz, Infiniband QDR"
"176",2014-11-01,158,-3.729,142,176,303965,347.26,875.3239648,"iDataPlex DX360M4, Xeon E5-2670 8C 2.600GHz, Infiniband FDR"
"157",2014-11-01,159,-3.731,167,157,331535,414.8,799.2647059,"IBM Flex System p460, POWER7  8C 3.550GHz, Infiniband QDR"
"234",2014-11-01,160,-3.742,100,234,245876,236.8,1038.327703,"SGI ICE X, Intel Xeon E5-2695v2 12C 2.400GHz, Infiniband FDR"
"244",2014-11-01,161,-3.748,99,244,238200,226.8,1050.26455,"Xtreme-X , Xeon E5-2670 8C 2.600GHz, Infiniband QDR, NVIDIA 2090"
"96",2014-11-01,162,-3.754,234,96,514900,1081.024,476.307649,"Cray XC30, Intel Xeon E5-2697v2 12C 2.7GHz, Aries interconnect , Intel Xeon Phi 5120D"
"39",2014-11-01,163,-3.755,369,39,1167000,5569,209.552882,"Cray XE6, Opteron 16C 2.500GHz, Cray Gemini interconnect"
"156",2014-11-01,164,-3.757,184,156,332000,453.6,731.9223986,"Xtreme-X GreenBlade GB512X, Xeon E5-2670 8C 2.600GHz, Infiniband QDR"
"47",2014-11-01,165,-3.761,342,47,1050000,4590,228.7581699,"Bull bullx super-node S6010/S6030"
"80",2014-11-01,166,-3.762,261,80,660243,1824.93,361.7908632,"Cray XE6, Opteron 6276 16C 2.30 GHz, Cray Gemini interconnect"
"147",2014-11-01,167,-3.762,202,147,346070,500,692.14,"Bullx B510, Xeon E5-2680 8C 2.700GHz, Infiniband QDR"
"22",2014-11-01,168,-3.764,450,22,1849000,14400,128.4027778,"T-Platform A-Class Cluster, Xeon E5-2697v3 14C 2.6GHz, Infiniband FDR, Nvidia K40m"
"204",2014-11-01,169,-3.772,150,204,271754,319,851.8934169,"SGI ICE X, Xeon E5-2670 8C 2.600GHz, Infiniband FDR"
"192",2014-11-01,170,-3.777,170,192,285800,358.4,797.4330357,"Xtreme-X GreenBlade GB512X, Xeon E5-2670 8C 2.600GHz, Infiniband QDR"
"209",2014-11-01,171,-3.777,151,209,268100,315.9,848.6862931,"Appro Xtreme-X Supercomputer, Xeon E5-2670 8C 2.600GHz, Infiniband QDR"
"164",2014-11-01,172,-3.779,193,164,318000,446.4,712.3655914,"Bullx B510, Xeon E5-2670 8C 2.600GHz, Infiniband QDR"
"206",2014-11-01,173,-3.781,158,206,271015,326.8705882,829.1201771,"Cluster Platform 3000 BL460c Gen8, Xeon E5-2673v2 8C 3.3GHz, 10G Ethernet"
"137",2014-11-01,174,-3.783,214,137,359835.8,579.48,620.9582347,"Cluster Platform 3000 BL460c Gen8, Xeon E5-2670 8C 2.6GHz, 10G Ethernet"
"301",2014-11-01,175,-3.787,96,301,201165,183.73,1094.894682,"SGI ICE X, Intel Xeon E5-2697v2 12C 2.7GHz, Infiniband FDR"
"104",2014-11-01,176,-3.79,238,104,476333,1040.18,457.9332423,"Power 775, POWER7 8C 3.836GHz, Custom Interconnect"
"62",2014-11-01,177,-3.792,288,62,816578.6,3072,265.8133464,"Cluster Platform SL230s Gen8, Intel Xeon E5-2680v2  10C 2.8GHz, Infiniband QDR"
"331",2014-11-01,178,-3.792,92,331,191500,169,1133.136095,"NEC LX-2400, Intel Xeon E5-2660v2 10C 2.200GHz, Infiniband QDR"
"179",2014-11-01,179,-3.795,192,179,299300,416.78,718.1246701,"SuperServer 2022TG-GIBQRF, Opteron 6172 12C 2.1GHz, Infiniband QDR, ATI HD 5870"
"123",2014-11-01,180,-3.8,225,123,406351,782.6,519.232047,"IBM NeXtScale nx360M5, Xeon E5-2697v3 14C 2.6GHz, Infiniband FDR"
"202",2014-11-01,181,-3.803,179,202,273973,358.5,764.2203626,"Fujitsu PRIMERGY CX250 S1, Xeon E5-2670 8C 2.600GHz, Infiniband QDR"
"258",2014-11-01,182,-3.804,132,258,228842.88,251.26,910.7811828,"iDataPlex DX360M4, Xeon E5-2670 8C 2.600GHz, Infiniband FDR"
"296",2014-11-01,183,-3.805,104,296,206304,205,1006.360976,"MEGWARE MiriQuid, Intel Xeon E5-2670v2  10C 2.5GHz, Infiniband FDR"
"269",2014-11-01,184,-3.806,120,269,222739.58,239.6,929.6309683,"IBM NeXtScale nx360M4, Intel Xeon E5-2697v2 12C 2.700GHz, Infiniband FDR"
"233",2014-11-01,185,-3.807,157,233,249216,300.5788235,829.1202856,"Cluster Platform 3000 BL460c Gen8, Xeon E5-2673v2 8C 3.3GHz, 10G Ethernet"
"261",2014-11-01,186,-3.807,127,261,227026.67,249.26,910.8026559,"iDataPlex DX360M4, Xeon E5-2670 8C 2.600GHz, Infiniband FDR"
"121",2014-11-01,187,-3.814,232,121,410780,834.75,492.099431,"Apollo 6000 XL230a, Xeon E5-2683v3 14C 2GHz, Infiniband FDR"
"103",2014-11-01,188,-3.821,253,103,477000,1153.488,413.5283592,"Cray XC30, Intel Xeon E5-2697v2 12C 2.7GHz, Aries interconnect , Xeon Phi 5120D/Nvidia K40"
"95",2014-11-01,189,-3.823,257,95,516897,1363.2,379.1791373,"HP POD - Cluster Platform BL460c, Intel Xeon E5-2697v2 12C 2.7GHz, Infiniband FDR"
"207",2014-11-01,190,-3.832,200,207,269267,381.19,706.3852672,"xSeries x3650M4 Cluster, Xeon E5-2680 8C 2.7GHz, Infiniband FDR"
"303",2014-11-01,191,-3.837,117,303,200423.34,214.17,935.8142597,"xSeries x3650M4 Cluster, Intel Xeon E5-2680v2  10C 2.8GHz, Infiniband FDR"
"314",2014-11-01,192,-3.838,108,314,194154,201.7,962.588002,"Cluster Platform 3000 BL460c Gen8, Intel Xeon E5-2697v2 12C 2.7GHz, Infiniband FDR"
"319",2014-11-01,193,-3.84,109,319,193350,201.83,957.9844424,"IBM NeXtScale nx360M4, Intel Xeon E5-2670v2  10C 2.500GHz, Infiniband FDR"
"320",2014-11-01,194,-3.84,110,320,193350,201.83,957.9844424,"IBM NeXtScale nx360M4, Intel Xeon E5-2670v2  10C 2.500GHz, Infiniband FDR"
"321",2014-11-01,195,-3.84,111,321,193350,201.83,957.9844424,"IBM NeXtScale nx360M4, Intel Xeon E5-2670v2  10C 2.500GHz, Infiniband FDR"
"322",2014-11-01,196,-3.84,112,322,193350,201.83,957.9844424,"IBM NeXtScale nx360M4, Intel Xeon E5-2670v2  10C 2.500GHz, Infiniband FDR"
"208",2014-11-01,197,-3.841,203,208,268100,388.8,689.5576132,"Appro Xtreme-X Supercomputer, Xeon E5-2670 8C 2.600GHz, Infiniband QDR"
"126",2014-11-01,198,-3.846,241,126,396944.44,866.82,457.9317967,"Power 775, POWER7 8C 3.836GHz, Custom Interconnect"
"286",2014-11-01,199,-3.85,153,286,212553,251.2,846.1504777,"iDataPlex DX360M4, Xeon E5-2670 8C 2.600GHz, Infiniband FDR"
"282",2014-11-01,200,-3.851,154,282,213778,255.2,837.6880878,"iDataPlex DX360M4, Xeon E5-2670 8C 2.600GHz, Infiniband FDR"
"310",2014-11-01,201,-3.854,135,310,196234,217.2,903.4714549,"Inspur TS10000, Xeon E5-2670 8C 2.600GHz, Infiniband FDR, K20M/Xeon Phi 5110P"
"375",2014-11-01,202,-3.858,105,375,176347.33,177.84,991.6066689,"BladeCenter HS23 Cluster, Xeon E5-2680 8C 2.700GHz, Infiniband QDR"
"228",2014-11-01,203,-3.861,204,228,251500,365.5,688.0984952,"Itautec Cluster, Xeon X5670 6C 2.930GHz, Infiniband QDR, NVIDIA 2050"
"349",2014-11-01,204,-3.866,126,349,187373,205.72,910.8156718,"iDataPlex DX360M4, Xeon E5-2670 8C 2.600GHz, Infiniband FDR"
"315",2014-11-01,205,-3.869,144,315,194032,223.06,869.8646104,"IBM Flex System x240, Xeon E5-2670 8C 2.600GHz, Infiniband FDR"
"316",2014-11-01,206,-3.869,145,316,194032,223.06,869.8646104,"IBM Flex System x240, Xeon E5-2670 8C 2.600GHz, Infiniband FDR"
"291",2014-11-01,207,-3.881,177,291,210350.9,272.87,770.8948374,"Cluster Platform 3000 BL460c Gen8, Xeon E5-2670 8C 2.6GHz, Infiniband QDR"
"240",2014-11-01,208,-3.891,209,240,240090,367.08,654.0536123,"Amazon EC2 Cluster, Xeon 8C 2.60GHz, 10G Ethernet"
"279",2014-11-01,209,-3.893,190,279,214313,294.53,727.6440431,"xSeries x3650M4 Cluster, Xeon E5-2670 8C 2.600GHz, Infiniband FDR"
"280",2014-11-01,210,-3.893,187,280,214313,294.52,727.6687492,"xSeries x3650M4 Cluster, Xeon E5-2670 8C 2.600GHz, Infiniband FDR"
"290",2014-11-01,211,-3.895,183,290,211700,289,732.5259516,"NUDT YH MPP, Xeon X56xx (Westmere-EP) 2.93 GHz, Proprietary"
"424",2014-11-01,212,-3.898,116,424,163920.12,175.16,935.8307833,"iDataPlex DX360M4, Intel Xeon E5-2680v2  10C 2.8GHz, Infiniband FDR"
"410",2014-11-01,213,-3.9,122,410,167697.03,184.1,910.9018468,"iDataPlex DX360M4, Xeon E5-2670 8C 2.6GHz, Infiniband FDR"
"411",2014-11-01,214,-3.9,133,411,167697.03,184.37,909.5678798,"iDataPlex DX360M4, Xeon E5-2670 8C 2.6GHz, Infiniband FDR"
"412",2014-11-01,215,-3.9,123,412,167697.03,184.1,910.9018468,"iDataPlex DX360M4, Xeon E5-2670 8C 2.6GHz, Infiniband FDR"
"125",2014-11-01,216,-3.902,258,125,400413,1056,379.1789773,"HP POD - Cluster Platform BL460c, Intel Xeon E5-2697v2 12C 2.7GHz, Infiniband FDR"
"330",2014-11-01,217,-3.903,173,330,191938,243.69,787.6318273,"xSeries x3750 Cluster, Xeon E5-2680 8C 2.700GHz, Infiniband FDR"
"311",2014-11-01,218,-3.906,178,311,195836.7,255.97,765.0767668,"iDataPlex DX360M4, Xeon E5-2690 8C 2.900GHz, Infiniband FDR"
"466",2014-11-01,219,-3.909,118,466,158696,170.16,932.6281147,"iDataPlex DX360M4, Xeon E5-2670 8C 2.600GHz, Infiniband FDR"
"223",2014-11-01,220,-3.914,222,223,254218,443.4070588,573.3287167,"Cluster Platform 3000 BL460c Gen8, Xeon E5-2670 8C 2.6GHz, 10G Ethernet"
"368",2014-11-01,221,-3.925,174,368,178600,227,786.784141,"MEGWARE MiriQuid, Xeon E5-2670 8C 2.600GHz, Infiniband FDR"
"308",2014-11-01,222,-3.926,194,308,197210,277.2,711.4357864,"Cluster Platform SL250s Gen8, Intel Xeon E5-2650v2  8C 2.6GHz, Infiniband FDR, NVIDIA K20x"
"329",2014-11-01,223,-3.927,191,329,192100,264.32,726.7705811,"Cray XC30, Intel Xeon E5-2692v2 10C 3.000GHz, Aries interconnect "
"267",2014-11-01,224,-3.928,215,267,224594,361.69,620.9581832,"Cluster Platform 3000 BL460c Gen8, Xeon E5-2670 8C 2.6GHz, 10G Ethernet"
"350",2014-11-01,225,-3.929,180,350,186900,252,741.6666667,"Cluster Platform 3000 SL6500, Xeon E5 (Sandy Bridge - EP) 8C 2.60GHz, FDR Infiniband"
"409",2014-11-01,226,-3.931,160,409,168053,204.9,820.170815,"xSeries x3650M4 Cluster, Intel Xeon E5-2680v2  10C 2.8GHz, Infiniband FDR"
"480",2014-11-01,227,-3.933,146,480,157708,181.31,869.8251613,"IBM Flex System x240, Xeon E5-2670 8C 2.600GHz, Infiniband FDR"
"481",2014-11-01,228,-3.933,147,481,157708,181.31,869.8251613,"IBM Flex System x240, Xeon E5-2670 8C 2.600GHz, Infiniband FDR"
"482",2014-11-01,229,-3.933,148,482,157708,181.31,869.8251613,"IBM Flex System x240, Xeon E5-2670 8C 2.600GHz, Infiniband FDR"
"262",2014-11-01,230,-3.941,220,262,226841.6,384.8322825,589.4557456,"Cluster Platform SL230s Gen8, Xeon E5-2660 8C 2.2GHz, 10G Ethernet"
"455",2014-11-01,231,-3.95,165,455,160944.44,199.7,805.9310966,"iDataPlex DX360M4, Xeon E5-2690 8C 2.9GHz, Infiniband FDR"
"476",2014-11-01,232,-3.95,161,476,158065.83,192.8,819.8435166,"iDataPlex DX360M4, Intel Xeon E5-2680v2  10C 2.8GHz, Infiniband FDR"
"477",2014-11-01,233,-3.95,162,477,158065.83,192.8,819.8435166,"iDataPlex DX360M4, Intel Xeon E5-2680v2  10C 2.8GHz, Infiniband FDR"
"478",2014-11-01,234,-3.95,163,478,158065.83,192.8,819.8435166,"iDataPlex DX360M4, Intel Xeon E5-2680v2  10C 2.8GHz, Infiniband FDR"
"171",2014-11-01,235,-3.954,254,171,316200,780,405.3846154,"Cray XE6, Opteron 6272 16C 2.10 GHz, Cray Gemini interconnect"
"333",2014-11-01,236,-3.955,205,333,190953,285.38,669.1183685,"x3650M4 Cluster, Xeon E5-2670 8C 2.600GHz, Infiniband FDR"
"362",2014-11-01,237,-3.956,195,362,180119.5,254.9,706.6280894,"xSeries x3650M4 Cluster, Xeon E5-2680 8C 2.700GHz, Infiniband FDR"
"363",2014-11-01,238,-3.956,196,363,180119.5,254.9,706.6280894,"xSeries x3650M4 Cluster, Xeon E5-2680 8C 2.700GHz, Infiniband FDR"
"364",2014-11-01,239,-3.956,197,364,180119.5,254.9,706.6280894,"xSeries x3650M4 Cluster, Xeon E5-2680 8C 2.700GHz, Infiniband FDR"
"365",2014-11-01,240,-3.956,198,365,180119.5,254.9,706.6280894,"xSeries x3650M4 Cluster, Xeon E5-2680 8C 2.700GHz, Infiniband FDR"
"189",2014-11-01,241,-3.96,249,189,289500,666.9,434.0980657,"GPU Blade Cluster, Intel Xeon E5-2660v2 10C 2.2GHz, Infiniband FDR, NVIDIA K20"
"232",2014-11-01,242,-3.964,230,232,249993,504.4,495.6245044,"IBM NeXtScale nx360M5, Xeon E5-2680v3 12C 2.5GHz, Infiniband FDR"
"90",2014-11-01,243,-3.965,344,90,545510,2410.2,226.3339142,"Cluster Platform 3000 BL460c Gen8, Xeon E5-2670 8C 2.600GHz, 10G Ethernet"
"496",2014-11-01,244,-3.969,172,496,154000,194.51,791.722897,"Bullx B505, Xeon E56xx (Westmere-EP) 2.40 GHz, Infiniband QDR"
"245",2014-11-01,245,-3.97,226,245,237900,465.4,511.1731844,"Fujitsu PRIMERGY CX250 & RX300, Xeon E5-2690 8C 2.900GHz, Infiniband FDR/QDR"
"100",2014-11-01,246,-3.975,321,100,489415.2,2001.6,244.5119904,"Cluster Platform SL230s Gen8, Intel Xeon E5-2697v2 12C 2.7GHz, Infiniband FDR"
"346",2014-11-01,247,-3.975,213,346,188700,297.63,634.0086685,"Z24XX/SL390s Cluster, Xeon E5530/E5645 6C 2.40GHz, Infiniband QDR, NVIDIA 2090/2070"
"441",2014-11-01,248,-3.978,185,441,162853.8,223.8,727.6756032,"xSeries x3650M4 Cluster, Xeon E5-2670 8C 2.6GHz, Infiniband FDR"
"442",2014-11-01,249,-3.978,186,442,162853.8,223.8,727.6756032,"xSeries x3650M4 Cluster, Xeon E5-2670 8C 2.6GHz, Infiniband FDR"
"426",2014-11-01,250,-3.988,201,426,163669,233.68,700.3979801,"Dell C8220/C8220X Cluster, Intel Xeon E5-2680v2  10C 2.8GHz, Infiniband FDR, NVIDIA K20"
"451",2014-11-01,251,-3.99,199,451,161259,228.28,706.4087962,"xSeries x3650 Cluster, Xeon E5-2680 8C 2.700GHz, Infiniband QDR"
"487",2014-11-01,252,-3.992,188,487,155589,213.82,727.6634552,"xSeries x3650M4 Cluster, Xeon E5-2680 8C 2.700GHz, Infiniband"
"488",2014-11-01,253,-3.992,189,488,155589,213.82,727.6634552,"xSeries x3650M4 Cluster, Xeon E5-2680 8C 2.700GHz, Infiniband"
"264",2014-11-01,254,-4.003,233,264,225617,467,483.1199143,"MEGWARE Saxonid 6100, Opteron 6272 16C 2.100GHz, Infiniband QDR"
"327",2014-11-01,255,-4.006,224,327,192370,342.5,561.6642336,"SGI ICE X, Intel Xeon E5-2695v2 12C 2.4GHz, Infiniband FDR, NVIDIA 2090"
"236",2014-11-01,256,-4.009,248,236,243900,556.3,438.4325004,"Hitachi SR16000 Model M1, POWER7 8C 3.836GHz, Custom"
"239",2014-11-01,257,-4.011,246,239,240300,542.34,443.0799867,"Rackable C2112-4G3 Cluster, Opteron 12 Core 2.10 GHz, Infiniband QDR"
"255",2014-11-01,258,-4.035,250,255,230600,540.4,426.7209474,"Xtreme-X 1320H-LANL, Opteron 12 Core 2.30 GHz, Infiniband QDR"
"418",2014-11-01,259,-4.035,219,418,166700,282.43,590.2347484,"PRIMEHPC FX10, SPARC64 IXfx 16C 1.848GHz, Tofu interconnect"
"288",2014-11-01,260,-4.039,236,288,211703.7,462.3,457.935756,"Power 775, POWER7 8C 3.84 GHz, Custom"
"289",2014-11-01,261,-4.039,237,289,211703.7,462.3,457.935756,"Power 775, POWER7 8C 3.84 GHz, Custom"
"102",2014-11-01,262,-4.057,385,102,477968,2496,191.4935897,"Cluster Platform 3000 BL460c Gen8, Intel Xeon E5-2680v2  10C 2.8GHz, 10G Ethernet"
"224",2014-11-01,263,-4.061,263,224,253000,708.2,357.2437165,"Hitachi SR16000 Model M1, POWER7 8C 3.836GHz, Custom Interconnect"
"252",2014-11-01,264,-4.064,256,252,232694,604.8,384.7453704,"Cluster Platform SL230s Gen8, Xeon E5-2670 8C 2.600GHz, Infiniband QDR"
"134",2014-11-01,265,-4.071,336,134,374946.6,1609.2,233.0018643,"Cluster Platform 3000 BL460c Gen8, Xeon E5-2640 6C 2.5GHz, 10G Ethernet"
"108",2014-11-01,266,-4.074,390,108,457570.7,2419.2,189.1413277,"Cluster Platform SL230s Gen8, Xeon E5-2670 8C 2.600GHz, 10G Ethernet"
"243",2014-11-01,267,-4.078,262,243,238225.5,664.2,358.6653117,"Cluster Platform SL241n, Xeon E3-1280v3 4C 3.6GHz, Gigabit Ethernet"
"205",2014-11-01,268,-4.079,270,205,271245.3,864,313.9413194,"Cluster Platform 3000 BL460c Gen8, Xeon E5-2670 8C 2.600GHz, Infiniband FDR"
"150",2014-11-01,269,-4.086,320,150,339500,1382.4,245.5873843,"SGI ICE X, Xeon E5-2670 8C 2.600GHz, Infiniband FDR"
"367",2014-11-01,270,-4.091,242,367,178625,390.07,457.9306278,"Power 775, POWER7 8C 3.836GHz, Custom Interconnect"
"162",2014-11-01,271,-4.096,312,162,319560.4,1267.2,252.178346,"Cluster Platform SL250s Gen8, Xeon E5-2670 8C 2.600GHz, Infiniband FDR, NVIDIA 2090"
"175",2014-11-01,272,-4.108,307,175,305803,1206,253.5679934,"Cluster Platform SL230s Gen8, Intel Xeon E5-2680v2  10C 2.8GHz, Infiniband FDR"
"355",2014-11-01,273,-4.111,251,355,184809,445.2,415.1145553,"Cray CS300-AC, Xeon E5-2670 8C 2.600GHz, Infiniband QDR"
"356",2014-11-01,274,-4.111,252,356,184809,445.2,415.1145553,"Cray CS300-AC, Xeon E5-2670 8C 2.600GHz, Infiniband QDR"
"462",2014-11-01,275,-4.119,235,462,160100,342.3,467.7183757,"Cray XE6m-200, Opteron 6276 16C 2.300GHz, Cray Gemini interconnect"
"165",2014-11-01,276,-4.123,339,165,317900,1369.55,232.1200394,"Fujitsu PRIMERGY CX400, Intel Xeon E5-2697v2 12C 2.700GHz, Infiniband FDR, Xeon Phi 3120p"
"248",2014-11-01,277,-4.129,271,248,235970.6,768,307.2533854,"Cluster Platform SL210t, Intel Xeon E5-2680v2  10C 2.8GHz, Infiniband QDR"
"335",2014-11-01,278,-4.129,259,335,190900,504,378.7698413,"Blue Gene/P Solution"
"135",2014-11-01,279,-4.13,382,135,371738.3,1917.6,193.8560179,"Cluster Platform SL250s Gen8, Xeon E5-2670 8C 2.600GHz, 10G Ethernet"
"475",2014-11-01,280,-4.13,243,475,158100,346.5,456.2770563,"Cluster Platform SL250s Gen8, Intel Xeon E5-2680v2  10C 2.8GHz, Infiniband FDR, Nvidia K40m"
"167",2014-11-01,281,-4.132,343,167,316846.8,1399.5,226.4,"Cluster Platform SL250s Gen8, Intel Xeon E5-2670v2  10C 2.5GHz, Infiniband FDR"
"370",2014-11-01,282,-4.135,255,370,177100,442,400.678733,"Acer AR585 F1 Cluster, Opteron 12C 2.2GHz, QDR infiniband"
"195",2014-11-01,283,-4.137,311,195,279738,1108.8,252.288961,"Cluster Platform 3000 BL460c Gen8, Xeon E5-2670 8C 2.600GHz, 10G Ethernet"
"199",2014-11-01,284,-4.14,308,199,276419.3,1094.4,252.5761148,"Cluster Platform 3000 BL460c Gen8, Xeon E5-2670 8C 2.600GHz, 10G Ethernet"
"297",2014-11-01,285,-4.144,264,297,203238,600,338.73,"Supermico SuperServer 6028TP-HTFR, Xeon E5-2670v3 12C 2.3GHz, Infiniband FDR"
"213",2014-11-01,286,-4.154,306,213,263165,1037.25,253.714148,"Cluster Platform 3000 BL460c Gen8, Xeon E5-2670 8C 2.600GHz, 10G Ethernet"
"214",2014-11-01,287,-4.154,305,214,263060.4,1036.8,253.7233796,"Cluster Platform 3000 BL460c Gen8, Xeon E5-2670 8C 2.600GHz, 10G Ethernet"
"226",2014-11-01,288,-4.154,289,226,251780,949.05,265.2968758,"Cluster Platform 3000 BL460c Gen8, Xeon E5-2670 8C 2.600GHz, 10G Ethernet"
"216",2014-11-01,289,-4.155,304,216,261631,1030,254.0106796,"xSeries iDataPlex, Xeon E5540 4C 2.53GHz, Infiniband"
"98",2014-11-01,290,-4.158,444,98,499226.1,3780,132.0703968,"Cluster Platform SL230s Gen8, Intel Xeon E5-2680v2  10C 2.800GHz, Gigabit Ethernet"
"194",2014-11-01,291,-4.16,337,194,280895,1205.55,233.0015346,"Cluster Platform 3000 BL460c Gen8, Xeon E5-2640 6C 2.5GHz, 10G Ethernet"
"182",2014-11-01,292,-4.162,348,182,295767,1344,220.0647321,"Cluster Platform 3000 BL460c Gen8, Intel Xeon E5-2690v2 10C 3GHz, 10G Ethernet"
"183",2014-11-01,293,-4.162,349,183,295767,1344,220.0647321,"Cluster Platform 3000 BL460c Gen8, Intel Xeon E5-2690v2 10C 3GHz, 10G Ethernet"
"124",2014-11-01,294,-4.168,427,124,405365,2580,157.1182171,"SGI ICE X, Intel Xeon E5-2690v2 10C 3GHz, Infiniband FDR"
"219",2014-11-01,295,-4.181,323,219,256331,1075.2,238.4030878,"Cluster Platform SL210t, Intel Xeon E5-2650v2  8C 2.6GHz, 10G Ethernet"
"276",2014-11-01,296,-4.183,273,276,216036,768,281.296875,"Cluster Platform SL230s Gen8, Intel Xeon E5-2680v2  10C 2.8GHz, Infiniband QDR"
"188",2014-11-01,297,-4.187,372,188,289735,1401.6,206.7173231,"Cluster Platform SL250s Gen8, Xeon E5-2670 8C 2.600GHz, Infiniband QDR"
"257",2014-11-01,298,-4.188,297,257,229659,882,260.3843537,"Cluster Platform SL210t, Intel Xeon E5-2680v2  10C 2.8GHz, 10G Ethernet"
"201",2014-11-01,299,-4.191,356,201,274800,1275,215.5294118,"Sun Blade x6048,  X6275, IB QDR M9 switch, Sun HPC stack Linux edition"
"229",2014-11-01,300,-4.192,326,229,250619,1064.4,235.4556558,"Cluster Platform SL250s Gen8, Xeon E5-2670 8C 2.600GHz, Infiniband FDR"
"230",2014-11-01,301,-4.192,327,230,250619,1064.4,235.4556558,"Cluster Platform SL250s Gen8, Xeon E5-2670 8C 2.600GHz, Infiniband FDR"
"169",2014-11-01,302,-4.194,406,169,316400,1711.6,184.8562748,"Cray XE6 12-core 2.1 GHz"
"170",2014-11-01,303,-4.194,407,170,316400,1711.6,184.8562748,"Cray XE6 12-core 2.1 GHz"
"383",2014-11-01,304,-4.194,265,383,173441,513,338.0916179,"Cluster Platform 3000 BL460c/DL380p, Intel Xeon E5-2680v2  10C 2.8GHz, Infiniband FDR"
"193",2014-11-01,305,-4.196,373,193,281797,1363.2,206.7172829,"Cluster Platform SL250s Gen8, Xeon E5-2670 8C 2.600GHz, Infiniband QDR"
"196",2014-11-01,306,-4.2,374,196,277828,1344,206.7172619,"Cluster Platform SL250s Gen8, Xeon E5-2670 8C 2.600GHz, Infiniband QDR"
"292",2014-11-01,307,-4.206,287,292,209735,780.3,268.7876458,"Cluster Platform 3000 BL460c Gen8, Xeon E5-2680 8C 2.700GHz, 10G Ethernet"
"394",2014-11-01,308,-4.209,267,394,168800,510,330.9803922,"iDataPlex, Xeon X56xx 6C 2.93 GHz, Infiniband"
"227",2014-11-01,309,-4.21,347,227,251700,1140.96,220.6043983,"Cray XE6, Opteron 16C 2.50GHz, Cray Gemini interconnect"
"181",2014-11-01,310,-4.213,401,181,296000,1592.48,185.8731594,"Cray XE6, Opteron 6276 16C 2.30GHz, Cray Gemini interconnect"
"118",2014-11-01,311,-4.218,446,118,419387,3244.8,129.2489522,"Cluster Platform SL230s Gen8, Xeon E5-2670 8C 2.600GHz, 10G Ethernet, NVIDIA 2075"
"293",2014-11-01,312,-4.218,296,293,207787,798,260.3847118,"Cluster Platform SL210t, Intel Xeon E5-2680v2  10C 2.8GHz, 10G Ethernet"
"254",2014-11-01,313,-4.219,338,254,231783,994.8,232.9945718,"Cluster Platform 3000 BL460c Gen8, Intel Xeon E5-2658v2 10C 2.400GHz, 10G Ethernet"
"446",2014-11-01,314,-4.221,266,446,162098,489.75,330.9811128,"iDataPlex DX360M3, Xeon X5670 6C 2.93 GHz, Infiniband QDR"
"49",2014-11-01,315,-4.223,497,49,1018000,19431.3,52.38970115,"HA8000-tc HT210/PRIMERGY CX400 Cluster, Xeon E5-2680 8C 2.700GHz, Infiniband FDR, NVIDIA K20/K20x, Xeon Phi 5110P"
"246",2014-11-01,316,-4.224,346,246,237800,1064,223.4962406,"SGI ICE 8200EX, Xeon E5450 4C 3.000GHz, Infiniband"
"107",2014-11-01,317,-4.225,464,107,461793,4032,114.531994,"Cluster Platform SL390s G7, Xeon X5650 6C 2.660GHz, Gigabit Ethernet, NVIDIA 2090"
"312",2014-11-01,318,-4.226,284,312,195802.3,725.4,269.9232148,"Cluster Platform 3000 BL460c Gen8, Xeon E5-2680 8C 2.7GHz, 10G Ethernet"
"306",2014-11-01,319,-4.235,303,306,197801,763.2,259.173218,"Cluster Platform 3000 BL460c Gen8, Xeon E5-2670 8C 2.600GHz, 10G Ethernet"
"295",2014-11-01,320,-4.238,319,295,206474,840,245.802381,"Cluster Platform SL230s Gen8, Intel Xeon E5-2680v2  10C 2.8GHz, Infiniband QDR"
"448",2014-11-01,321,-4.238,269,448,161567,514.3,314.1493292,"BladeCenter HS23 Cluster, Xeon E5-2670 8C 2.6GHz, Gigabit Ethernet"
"184",2014-11-01,322,-4.239,422,184,295500,1726.32,171.173363,"Cray XE6 12-core 2.2 GHz"
"197",2014-11-01,323,-4.241,412,197,277516.7,1530,181.3834641,"Cluster Platform SL230s/SL250s, Intel Xeon E5-2670v2  10C 2.5GHz, 10G Ethernet"
"326",2014-11-01,324,-4.242,301,326,192522,740.7,259.9189955,"Cluster Platform 3000 BL460c Gen8, Xeon E5-2670 8C 2.60GHz, 10G Ethernet"
"328",2014-11-01,325,-4.243,302,328,192302,741.6,259.306904,"Cluster Platform 3000 BL460c Gen8, Xeon E5-2670 8C 2.60GHz, 10G Ethernet"
"345",2014-11-01,326,-4.246,293,345,188725,720,262.1180556,"Clustervision CV-AIRE5, Xeon E5-2670 8C 2.600GHz, Infiniband QDR"
"210",2014-11-01,327,-4.249,410,210,266942,1454.4,183.5409791,"Cluster Platform 3000 BL460c Gen8, Xeon E5-2650 8C 2.000GHz, 10G Ethernet"
"253",2014-11-01,328,-4.249,357,253,232694,1104,210.7735507,"Cluster Platform SL230s Gen8, Xeon E5-2670 8C 2.600GHz, Infiniband QDR"
"200",2014-11-01,329,-4.25,418,200,274800,1549,177.4047773,"Sun Constellation, NovaScale R422-E2, Intel Xeon X5570, 2.93 GHz, Sun M9/Mellanox  QDR Infiniband/Partec Parastation"
"270",2014-11-01,330,-4.25,351,270,221825,1008,220.0644841,"Cluster Platform 3000 BL460c Gen8, Intel Xeon E5-2690v2 10C 3GHz, 10G Ethernet"
"348",2014-11-01,331,-4.25,295,348,187477,720,260.3847222,"Cluster Platform SL210t, Intel Xeon E5-2680v2  10C 2.8GHz, 10G Ethernet"
"352",2014-11-01,332,-4.252,300,352,186782,718.2,260.0696185,"Cluster Platform 3000 BL460c Gen8, Xeon E5-2670 8C 2.600GHz, 10G Ethernet"
"212",2014-11-01,333,-4.253,414,212,266415,1468.8,181.3827614,"Cluster Platform SL230s/SL250s, Intel Xeon E5-2670v2  10C 2.5GHz, 10G Ethernet"
"353",2014-11-01,334,-4.253,298,353,186118,715.5,260.1229909,"Cluster Platform 3000 BL460c Gen8, Xeon E5-2670 8C 2.600GHz, 10G Ethernet"
"334",2014-11-01,335,-4.254,309,334,190947,756,252.5753968,"Cluster Platform 3000 BL460c Gen8, Xeon E5-2670 8C 2.600GHz, 10G Ethernet"
"231",2014-11-01,336,-4.255,384,231,250474,1308,191.4938838,"Cluster Platform 3000 BL460c Gen8, Intel Xeon E5-2680v2  10C 2.8GHz, 10G Ethernet"
"414",2014-11-01,337,-4.258,272,414,167338,588.3,284.4433112,"iDataPlex DX360M4, Xeon E5-2670 8C 2.6GHz, Gigabit Ethernet"
"376",2014-11-01,338,-4.259,285,376,176110,655.2,268.7881563,"Cluster Platform 3000 BL460c Gen8, Xeon E5-2680 8C 2.700GHz, 10G Ethernet"
"377",2014-11-01,339,-4.259,286,377,176110,655.2,268.7881563,"Cluster Platform 3000 BL460c Gen8, Xeon E5-2680 8C 2.700GHz, 10G Ethernet"
"120",2014-11-01,340,-4.261,465,120,413500,3628.8,113.949515,"SGI Rackable C2112-4RP3, Xeon E5-2670 8C 2.600GHz, Infiniband QDR"
"347",2014-11-01,341,-4.263,318,347,187551.7,751.95,249.4204402,"Cluster Platform 3000 BL460c Gen8, Xeon E5-2640 6C 2.5GHz, 10G Ethernet"
"136",2014-11-01,342,-4.274,456,136,364462.6,2942.1,123.8783862,"Cluster Platform DL360p Gen8, Xeon E5-2640 6C 2.500GHz, Gigabit Ethernet"
"385",2014-11-01,343,-4.275,294,385,172448,660.15,261.2254791,"Cluster Platform 3000 BL460c Gen8, Xeon E5-2670 8C 2.600GHz, 10G Ethernet"
"332",2014-11-01,344,-4.281,341,332,191400,831,230.3249097,"BX900 Xeon X5570 2.93GHz , Infiniband QDR"
"215",2014-11-01,345,-4.283,424,215,262920,1576.2,166.8062429,"Cluster Platform SL230s Gen8, Intel Xeon E5-2637v2/E5-2643v2/E5-2667v2 3.5/3.3GHz, 10G Ethernet"
"408",2014-11-01,346,-4.284,299,408,168091,646.2,260.1222532,"Cluster Platform 3000 BL460c Gen8, Xeon E5-2670 8C 2.600GHz, 10G Ethernet"
"242",2014-11-01,347,-4.286,413,242,239426,1320,181.3833333,"Cluster Platform SL230s/SL250s, Intel Xeon E5-2670v2  10C 2.5GHz, 10G Ethernet"
"114",2014-11-01,348,-4.287,484,114,433500,4343.73,99.79902066,"Sun Blade x6275, Xeon X55xx 2.93 Ghz, Infiniband"
"479",2014-11-01,349,-4.288,275,479,157961,578.7,272.9583549,"Cluster Platform 3000 BL460c Gen8, Xeon E5-2680 8C 2.700GHz, 10G Ethernet"
"467",2014-11-01,350,-4.289,276,467,158411,583.9,271.2981675,"xSeries x3650M4 Cluster, Xeon E5-2670 8C 2.6GHz, Gigabit Ethernet"
"468",2014-11-01,351,-4.289,277,468,158411,583.9,271.2981675,"xSeries x3650M4 Cluster, Xeon E5-2670 8C 2.6GHz, Gigabit Ethernet"
"469",2014-11-01,352,-4.289,278,469,158411,583.9,271.2981675,"xSeries x3650M4 Cluster, Xeon E5-2670 8C 2.6GHz, Gigabit Ethernet"
"470",2014-11-01,353,-4.289,279,470,158411,583.9,271.2981675,"xSeries x3650M4 Cluster, Xeon E5-2670 8C 2.6GHz, Gigabit Ethernet"
"471",2014-11-01,354,-4.289,280,471,158411,583.9,271.2981675,"xSeries x3650M4 Cluster, Xeon E5-2670 8C 2.6GHz, Gigabit Ethernet"
"472",2014-11-01,355,-4.289,281,472,158411,583.9,271.2981675,"xSeries x3650M4 Cluster, Xeon E5-2670 8C 2.6GHz, Gigabit Ethernet"
"473",2014-11-01,356,-4.289,282,473,158411,583.9,271.2981675,"xSeries x3650M4 Cluster, Xeon E5-2670 8C 2.6GHz, Gigabit Ethernet"
"405",2014-11-01,357,-4.292,310,405,168600,668.02,252.3876531,"xSeries x3650M4 Cluster, Xeon E5-2670 8C 2.6GHz, Gigabit Ethernet"
"161",2014-11-01,358,-4.293,445,161,322900,2456.4,131.4525322,"SGI ICE 8400EX, Xeon X5690 6C 3.470GHz, Infiniband QDR"
"401",2014-11-01,359,-4.293,313,401,168600,668.9,252.0556137,"xSeries x3650M4 Cluster, Xeon E5-2670 8C 2.600GHz, Gigabit Ethernet"
"402",2014-11-01,360,-4.293,314,402,168600,668.9,252.0556137,"xSeries x3650M4 Cluster, Xeon E5-2670 8C 2.600GHz, Gigabit Ethernet"
"403",2014-11-01,361,-4.293,315,403,168600,668.9,252.0556137,"xSeries x3650M4 Cluster, Xeon E5-2670 8C 2.600GHz, Gigabit Ethernet"
"404",2014-11-01,362,-4.293,316,404,168600,668.9,252.0556137,"xSeries x3650M4 Cluster, Xeon E5-2670 8C 2.600GHz, Gigabit Ethernet"
"273",2014-11-01,363,-4.295,383,273,218407,1131,193.1096375,"Cluster Platform DL360p Gen8, Intel Xeon E5-2650v2  8C 2.6GHz, 10G Ethernet"
"456",2014-11-01,364,-4.295,292,456,160907.1,613.8,262.1490714,"Cluster Platform 3000 BL460c Gen8, Xeon E5-2670 8C 2.60GHz, 10G Ethernet"
"490",2014-11-01,365,-4.295,283,490,155527,573.3,271.2837956,"xSeries x3650M4 Cluster, Xeon E5-2670 8C 2.600GHz, Gigabit Ethernet"
"474",2014-11-01,366,-4.297,290,474,158253,597.6,264.814257,"Cluster Platform SL335s Gen7, Opteron 4171 6C 2.100GHz, 10G Ethernet"
"274",2014-11-01,367,-4.302,391,274,217890,1152,189.140625,"Cluster Platform SL230s Gen8, Xeon E5-2670 8C 2.600GHz, 10G Ethernet"
"278",2014-11-01,368,-4.302,387,278,215430,1125,191.4933333,"Cluster Platform 3000 BL460c Gen8, Intel Xeon E5-2680v2  10C 2.8GHz, 10G Ethernet"
"336",2014-11-01,369,-4.302,355,336,189651,872.1,217.4647403,"Cluster Platform 3000 BL460c Gen8, Xeon E5-2660 8C 2.200GHz, 10G Ethernet"
"485",2014-11-01,370,-4.302,291,485,156853,597.6,262.4715529,"Cluster Platform 3000 BL460c Gen8, Xeon E5-2670 8C 2.600GHz, 10G Ethernet"
"344",2014-11-01,371,-4.303,354,344,188738,867.6,217.5403412,"Cluster Platform 3000 BL460c Gen8, Xeon E5-2660 8C 2.200GHz, 10G Ethernet"
"247",2014-11-01,372,-4.305,421,247,237200,1380.07,171.8753397,"Cray XE6, Opteron 12 Core 2.10 GHz, Custom"
"287",2014-11-01,373,-4.307,388,287,211983,1107,191.4932249,"Cluster Platform 3000 BL460c Gen8, Intel Xeon E5-2680v2  10C 2.8GHz, 10G Ethernet"
"458",2014-11-01,374,-4.308,317,458,160816,639.23,251.5796472,"Cluster Platform 3000 BL460c Gen8, Xeon E5-2640 6C 2.500GHz, 10G Ethernet"
"417",2014-11-01,375,-4.309,322,417,166700,688.94,241.9659187,"Dell Xanadu 3 Cluster, Xeon X5660 2.8 Ghz, QLogic InfiniBand QDR"
"180",2014-11-01,376,-4.311,443,180,298713.4,2227.2,134.1205999,"Cluster Platform SL230s Gen8, Xeon E5-2670 8C 2.600GHz, Gigabit Ethernet"
"172",2014-11-01,377,-4.314,454,172,311558.6,2445.3,127.411197,"Cluster Platform DL380p Gen8 , Xeon E5-2640 6C 2.500GHz, Gigabit Ethernet"
"283",2014-11-01,378,-4.314,404,283,213645,1152,185.4557292,"Cluster Platform SL230s Gen8, Intel Xeon E5-2670v2  10C 2.5GHz, 10G Ethernet"
"284",2014-11-01,379,-4.314,405,284,213645,1152,185.4557292,"Cluster Platform SL230s Gen8, Intel Xeon E5-2670v2  10C 2.5GHz, 10G Ethernet"
"173",2014-11-01,380,-4.315,452,173,310171.2,2432.7,127.5008016,"Cluster Platform DL360p Gen8, Xeon E5-2640 6C 2.500GHz, Gigabit Ethernet"
"325",2014-11-01,381,-4.318,375,325,192759.5,950.4,202.8193392,"Cluster Platform 3000 BL460c Gen8, Intel Xeon E5-2697v2 12C 2.7GHz, 10G Ethernet"
"425",2014-11-01,382,-4.319,325,425,163900,690,237.5362319,"Cluster Platform SL230s Gen8, Xeon E5-2670 8C 2.600GHz, Infiniband FDR"
"178",2014-11-01,383,-4.321,451,178,302600.1,2364.3,127.9871844,"Cluster Platform DL380p Gen8 , Xeon E5-2640 6C 2.500GHz, Gigabit Ethernet"
"251",2014-11-01,384,-4.323,425,251,233049,1411.2,165.142432,"Cluster Platform 3000 BL460c Gen8, Intel Xeon E5-2690v2 10C 3GHz, 10G Ethernet"
"428",2014-11-01,385,-4.323,331,428,163370.7,694,235.4044669,"xSeries x3650M4 Cluster, Xeon E5-2670 8C 2.6GHz, Gigabit Ethernet"
"429",2014-11-01,386,-4.323,332,429,163370.7,694,235.4044669,"xSeries x3650M4 Cluster, Xeon E5-2670 8C 2.6GHz, Gigabit Ethernet"
"430",2014-11-01,387,-4.323,333,430,163370.7,694,235.4044669,"xSeries x3650M4 Cluster, Xeon E5-2670 8C 2.6GHz, Gigabit Ethernet"
"431",2014-11-01,388,-4.323,334,431,163370.7,694,235.4044669,"xSeries x3650M4 Cluster, Xeon E5-2670 8C 2.6GHz, Gigabit Ethernet"
"432",2014-11-01,389,-4.323,335,432,163370.7,694,235.4044669,"xSeries x3650M4 Cluster, Xeon E5-2670 8C 2.6GHz, Gigabit Ethernet"
"443",2014-11-01,390,-4.324,328,443,162739.57,691.3,235.4109215,"BladeCenter HS23 Cluster, Xeon E5-2670 8C 2.6GHz, Gigabit Ethernet"
"298",2014-11-01,391,-4.325,392,298,202456,1070.4,189.1405082,"Cluster Platform SL230s Gen8, Xeon E5-2670 8C 2.600GHz, 10G Ethernet"
"419",2014-11-01,392,-4.325,340,419,165708.2,717.53,230.9441483,"Cluster Platform 3000 BL460c Gen8, Xeon E5-2630 6C 2.300GHz, 10G Ethernet"
"445",2014-11-01,393,-4.325,329,445,162288.77,689.4,235.4058167,"xSeries x3650M4 Cluster, Xeon E5-2670 8C 2.600GHz, Gigabit Ethernet"
"459",2014-11-01,394,-4.326,324,459,160300,673.92,237.8620608,"Itautec Cluster, Xeon E5-2643 4C 3.300GHz, Infiniband FDR, NVIDIA 2075"
"225",2014-11-01,395,-4.327,430,225,251800,1670.78,150.7080525,"Dell PowerEdge M610 Cluster, Xeon 5680 3.3Ghz, Infiniband QDR"
"391",2014-11-01,396,-4.331,350,391,170330,774,220.0645995,"Cluster Platform 3000 BL460c Gen8, Intel Xeon E5-2690v2 10C 3GHz, 10G Ethernet"
"187",2014-11-01,397,-4.332,449,187,289800,2250,128.8,"Cluster Platform DL360p Gen8, Xeon E5-2640 6C 2.500GHz, Gigabit Ethernet"
"211",2014-11-01,398,-4.333,440,211,266942,1910.1,139.7528925,"Cluster Platform SL390/BL2x220, Xeon X5650 6C 2.660GHz, Infiniband QDR, NVIDIA 2090"
"191",2014-11-01,399,-4.336,447,191,286239.7,2218.5,129.0239802,"Cluster Platform DL360p Gen8, Xeon E5-2640 6C 2.500GHz, Gigabit Ethernet"
"166",2014-11-01,400,-4.338,463,166,317781.9,2759.4,115.1634051,"Cluster Platform DL360p Gen8, Xeon E5-2630 6C 2.300GHz, Gigabit Ethernet"
"447",2014-11-01,401,-4.34,345,447,161800,719,225.0347705,"SGI ICE 8400EX Xeon X5570 4-core 2.93 GHz, Infiniband"
"337",2014-11-01,402,-4.341,389,337,189291,988.5,191.4931715,"Cluster Platform 3000 BL460c Gen8, Intel Xeon E5-2680v2  10C 2.8GHz, 10G Ethernet"
"421",2014-11-01,403,-4.341,353,421,165138.6,752.4,219.4824561,"Cluster Platform 3000 BL460c Gen8, Xeon E5-2660 8C 2.2GHz, 10G Ethernet"
"498",2014-11-01,404,-4.342,330,498,153813.69,653.4,235.4050964,"xSeries x3650M4 Cluster, Xeon E5-2670 8C 2.6GHz, Gigabit Ethernet"
"359",2014-11-01,405,-4.344,377,359,182484,927,196.8543689,"Cluster Platform 3000 BL460c Gen8, Xeon E5-2650 8C 2.000GHz, 10G Ethernet"
"444",2014-11-01,406,-4.346,352,444,162344,738.9,219.7103803,"Cluster Platform 3000 BL460c Gen8, Xeon E5-2660 8C 2.200GHz, 10G Ethernet"
"309",2014-11-01,407,-4.351,416,309,196700,1101.6,178.5584604,"Cluster Platform 3000 BL460c Gen8, Intel Xeon E5-2695v2 12C 2.4GHz, 10G Ethernet"
"400",2014-11-01,408,-4.351,370,400,168600,808.96,208.4157437,"xSeries x3650M4 Cluster, Xeon E5-2670 8C 2.6GHz, Gigabit Ethernet"
"357",2014-11-01,409,-4.357,400,357,183379,975,188.0810256,"Dell PowerEdge C6220, Xeon E5-2670 8C 2.600GHz, Infiniband FDR"
"393",2014-11-01,410,-4.359,376,393,169029,833.4,202.8185745,"Cluster Platform 3000 BL460c Gen8, Intel Xeon E5-2697v2 12C 2.7GHz, 10G Ethernet"
"433",2014-11-01,411,-4.359,361,433,163190.37,777.6,209.864159,"xSeries x3650M4 Cluster, Intel Xeon E5-2680v2  10C 2.8GHz, Gigabit Ethernet"
"434",2014-11-01,412,-4.359,362,434,163190.37,777.6,209.864159,"xSeries x3650M4 Cluster, Intel Xeon E5-2680v2  10C 2.8GHz, Gigabit Ethernet"
"435",2014-11-01,413,-4.359,363,435,163190.37,777.6,209.864159,"xSeries x3650M4 Cluster, Intel Xeon E5-2680v2  10C 2.8GHz, Gigabit Ethernet"
"436",2014-11-01,414,-4.359,364,436,163190.37,777.6,209.864159,"xSeries x3650M4 Cluster, Intel Xeon E5-2680v2  10C 2.8GHz, Gigabit Ethernet"
"437",2014-11-01,415,-4.359,365,437,163190.37,777.6,209.864159,"xSeries x3650M4 Cluster, Intel Xeon E5-2680v2  10C 2.8GHz, Gigabit Ethernet"
"438",2014-11-01,416,-4.359,366,438,163190.37,777.6,209.864159,"xSeries x3650M4 Cluster, Intel Xeon E5-2680v2  10C 2.8GHz, Gigabit Ethernet"
"439",2014-11-01,417,-4.359,367,439,163190.37,777.6,209.864159,"xSeries x3650M4 Cluster, Intel Xeon E5-2680v2  10C 2.8GHz, Gigabit Ethernet"
"440",2014-11-01,418,-4.359,368,440,163190.37,777.6,209.864159,"xSeries x3650M4 Cluster, Intel Xeon E5-2680v2  10C 2.8GHz, Gigabit Ethernet"
"299",2014-11-01,419,-4.362,423,299,201940.5,1204.8,167.6132968,"Cluster Platform SL210t, Intel Xeon E5-2670v2  10C 2.5GHz, Gigabit Ethernet"
"452",2014-11-01,420,-4.363,358,452,161161.76,767.9,209.8733689,"xSeries x3650M4 Cluster, Intel Xeon E5-2680v2  10C 2.8GHz, Gigabit Ethernet"
"453",2014-11-01,421,-4.363,359,453,161161.76,767.9,209.8733689,"xSeries x3650M4 Cluster, Intel Xeon E5-2680v2  10C 2.8GHz, Gigabit Ethernet"
"454",2014-11-01,422,-4.363,360,454,161161.76,767.9,209.8733689,"xSeries x3650M4 Cluster, Intel Xeon E5-2680v2  10C 2.8GHz, Gigabit Ethernet"
"272",2014-11-01,423,-4.367,429,272,219838,1449.12,151.7044827,"Bullx B500 Cluster, Xeon X56xx 3.06Ghz, QDR Infiniband"
"372",2014-11-01,424,-4.367,393,372,176622,934.5,189.0016051,"Cluster Platform 3000 BL460c Gen8, Intel Xeon E5-2670v2  10C 2.5GHz, 10G Ethernet"
"461",2014-11-01,425,-4.369,371,461,160200,774,206.9767442,"SGI ICE 8200 Enh. LX, Xeon X5560 2.8Ghz"
"413",2014-11-01,426,-4.371,380,413,167640,854.4,196.2078652,"Cluster Platform 3000 BL460c Gen8, Intel Xeon E5-2650v2  8C 2.6GHz, 10G Ethernet"
"237",2014-11-01,427,-4.372,442,237,243900,1814.4,134.4246032,"HP POD - Cluster Platform 3000 BL260c G6, X5675 3.06 GHz, Infiniband"
"382",2014-11-01,428,-4.372,399,382,173960,922.05,188.6665582,"Cluster Platform 3000 BL460c Gen8, Xeon E5-2670 8C 2.600GHz, Gigabit Ethernet"
"360",2014-11-01,429,-4.374,415,360,180600,1000,180.6,"Dawning 5000A, QC Opteron 1.9 Ghz, Infiniband, Windows HPC 2008"
"388",2014-11-01,430,-4.377,394,388,170698,903.6,188.9088092,"Cluster Platform 3000 BL460c Gen8, Xeon E5-2670 8C 2.60GHz, 10G Ethernet"
"389",2014-11-01,431,-4.377,395,389,170698,903.6,188.9088092,"Cluster Platform 3000 BL460c Gen8, Xeon E5-2670 8C 2.60GHz, 10G Ethernet"
"116",2014-11-01,432,-4.379,490,116,426750.8,5674.8,75.20102911,"Cluster Platform DL360e Gen8, Xeon E5-2450L 8C 1.800GHz, Gigabit Ethernet"
"281",2014-11-01,433,-4.382,431,281,214200,1442.64,148.4777907,"Cray XE6, Opteron 6172 12C 2.10GHz, Cray Gemini interconnect"
"463",2014-11-01,434,-4.385,378,463,160007,813.6,196.6654376,"Cluster Platform DL360p Gen8, Intel Xeon E5-2630v2 6C 2.6GHz, 10G Ethernet"
"396",2014-11-01,435,-4.389,408,396,168600,916.29,184.0028812,"xSeries x3650M4 Cluster, Xeon E5-2670 8C 2.6GHz, Gigabit Ethernet"
"397",2014-11-01,436,-4.389,409,397,168600,916.29,184.0028812,"xSeries x3650M4 Cluster, Xeon E5-2670 8C 2.6GHz, Gigabit Ethernet"
"217",2014-11-01,437,-4.391,462,217,259298.7,2179.8,118.9552711,"Cluster Platform DL380p Gen8 , Xeon E5-2630 6C 2.300GHz, Gigabit Ethernet"
"395",2014-11-01,438,-4.391,411,395,168600,920.28,183.2051115,"xSeries x3650M4 Cluster, Xeon E5-2670 8C 2.6GHz, Gigabit Ethernet"
"422",2014-11-01,439,-4.393,402,422,164790.72,887.1,185.7634089,"xSeries x3650M3 Cluster, Xeon E5649 6C 2.53GHz, Gigabit Ethernet"
"486",2014-11-01,440,-4.393,381,486,156338.18,797.6,196.0107573,"iDataPlex DX360M3, Xeon E5645 6C 2.4GHz, Gigabit Ethernet"
"449",2014-11-01,441,-4.394,396,449,161517,855,188.9087719,"Cluster Platform 3000 BL460c Gen8, Xeon E5-2670 8C 2.60GHz, 10G Ethernet"
"493",2014-11-01,442,-4.396,379,493,154455,787.2,196.2080793,"Cluster Platform 3000 BL460c Gen8, Intel Xeon E5-2650v2  8C 2.6GHz, 10G Ethernet"
"323",2014-11-01,443,-4.4,428,323,193247,1247.4,154.9198333,"Cluster Platform DL360p Gen8, Intel Xeon E5-2620v2 6C 2.1GHz, 10G Ethernet"
"407",2014-11-01,444,-4.402,419,407,168600,956.07,176.3469202,"BladeCenter HS22 Cluster (WM), Xeon E5649 6C 2.530GHz, Gigabit Ethernet"
"460",2014-11-01,445,-4.402,403,460,160234,864,185.4560185,"Cluster Platform SL230s Gen8, Intel Xeon E5-2670v2  10C 2.5GHz, 10G Ethernet"
"399",2014-11-01,446,-4.404,420,399,168600,962.1,175.2416589,"xSeries x3650M4 Cluster, Xeon E5-2670 8C 2.6GHz, Gigabit Ethernet"
"495",2014-11-01,447,-4.404,386,495,154248,805.5,191.4934823,"Cluster Platform 3000 BL460c Gen8, Intel Xeon E5-2680v2  10C 2.8GHz, 10G Ethernet"
"423",2014-11-01,448,-4.406,417,423,164559,921.6,178.5579427,"Cluster Platform 3000 BL460c Gen8, Intel Xeon E5-2695v2 12C 2.4GHz, 10G Ethernet"
"235",2014-11-01,449,-4.407,461,235,244182.9,2036.7,119.891442,"Cluster Platform DL380p Gen8 , Xeon E5-2630 6C 2.300GHz, Gigabit Ethernet"
"491",2014-11-01,450,-4.408,397,491,154716,819,188.9084249,"Cluster Platform 3000 BL460c Gen8, Xeon E5-2670 8C 2.600GHz, 10G Ethernet"
"492",2014-11-01,451,-4.408,398,492,154716,819,188.9084249,"Cluster Platform 3000 BL460c Gen8, Xeon E5-2670 8C 2.600GHz, 10G Ethernet"
"186",2014-11-01,452,-4.411,485,186,291792.5,2944.8,99.08737435,"Cluster Platform DL360p Gen8, Xeon E5-2620 6C 2.000GHz, Gigabit Ethernet"
"250",2014-11-01,453,-4.418,460,250,234232,1944,120.4897119,"Cluster Platform SL230s Gen8, Xeon E5-2670 8C 2.600GHz, Infiniband FDR"
"260",2014-11-01,454,-4.426,459,260,227236,1879.2,120.9216688,"Cluster Platform DL160 Gen8 , Xeon E5-2630 6C 2.300GHz, Gigabit Ethernet"
"313",2014-11-01,455,-4.428,439,313,194669.8,1387.2,140.3329008,"Cluster Platform SL230s Gen8, Xeon E5-2670 8C 2.600GHz, 10G Ethernet"
"185",2014-11-01,456,-4.429,487,185,293868.3,3168,92.76145833,"Cluster Platform SL390s G7, Xeon X5650 6C 2.66GHz, Gigabit Ethernet, NVIDIA 2090"
"141",2014-11-01,457,-4.436,491,141,354467,4713.6,75.20090801,"Cluster Platform DL360e Gen8, Xeon E5-2450L 8C 1.800GHz, Gigabit Ethernet"
"143",2014-11-01,458,-4.438,492,143,352030,4681.2,75.20080321,"Cluster Platform DL360e Gen8, Xeon E5-2450L 8C 1.800GHz, Gigabit Ethernet"
"238",2014-11-01,459,-4.44,471,238,242863,2244,108.2277184,"Cluster Platform DL360e Gen8, Xeon E5-2450 8C 2.100GHz, Gigabit Ethernet"
"218",2014-11-01,460,-4.442,483,218,257879,2544,101.3675314,"Cluster Platform DL380p Gen8 , Xeon E5-2650 8C 2.000GHz, Gigabit Ethernet"
"358",2014-11-01,461,-4.446,438,358,182746,1296,141.007716,"Cluster Platform SL230s Gen8, Xeon E5-2670 8C 2.600GHz, Gigabit Ethernet"
"457",2014-11-01,462,-4.449,426,457,160882.8,1014.3,158.6146111,"Cluster Platform 3000 BL460c Gen8, Xeon E5-2660 8C 2.200GHz, Gigabit Ethernet"
"294",2014-11-01,463,-4.452,458,294,207271.6,1697.4,122.1112289,"Cluster Platform DL380p Gen8 , Xeon E5-2630 6C 2.300GHz, Gigabit Ethernet"
"373",2014-11-01,464,-4.456,436,373,176420,1248,141.3621795,"Cluster Platform SL230s Gen8, Xeon E5-2670 8C 2.600GHz, Gigabit Ethernet"
"374",2014-11-01,465,-4.456,437,374,176420,1248,141.3621795,"Cluster Platform SL230s Gen8, Xeon E5-2670 8C 2.600GHz, Gigabit Ethernet"
"324",2014-11-01,466,-4.457,448,324,193123,1499.4,128.8001867,"Cluster Platform DL360p Gen8, Xeon E5-2640 6C 2.5GHz, Gigabit Ethernet"
"266",2014-11-01,467,-4.461,467,266,224670,2054.4,109.3603972,"Cluster Platform DL380e Gen8, Xeon E5-2450 8C 2.100GHz, Gigabit Ethernet"
"160",2014-11-01,468,-4.462,493,160,325138,4323.6,75.20075863,"Cluster Platform DL360e Gen8, Xeon E5-2450L 8C 1.800GHz, Gigabit Ethernet"
"249",2014-11-01,469,-4.462,476,249,234248,2244,104.3885918,"Cluster Platform DL380p Gen8 , Xeon E5-2630 6C 2.300GHz, Gigabit Ethernet"
"307",2014-11-01,470,-4.465,457,307,197732.7,1611.9,122.6705751,"Cluster Platform DL360p Gen8, Xeon E5-2630 6C 2.300GHz, Gigabit Ethernet"
"151",2014-11-01,471,-4.473,495,151,337175,4809,70.11332917,"Cluster Platform 4000 BL465c, Opteron O-6376 16C 2.3GHz, 10G Ethernet"
"259",2014-11-01,472,-4.473,481,259,228828.7,2216.7,103.2294402,"Cluster Platform DL380e Gen8, Xeon E5-2430L 8C 2.000GHz, Gigabit Ethernet"
"263",2014-11-01,473,-4.476,479,263,226214.2,2187.9,103.3932995,"Cluster Platform DL380e Gen8, Xeon E5-2430L 8C 2.000GHz, Gigabit Ethernet"
"427",2014-11-01,474,-4.478,435,427,163667.3,1152,142.072309,"Cluster Platform SL250s Gen8, Xeon E5-2670 8C 2.600GHz, Gigabit Ethernet"
"268",2014-11-01,475,-4.48,477,268,222796,2150.4,103.6067708,"Cluster Platform DL380p Gen8 , Xeon E5-2650 8C 2.000GHz, Gigabit Ethernet"
"450",2014-11-01,476,-4.482,434,450,161261,1134,142.2054674,"Cluster Platform SL230s Gen8, Xeon E5-2670 8C 2.600GHz, 10G Ethernet"
"483",2014-11-01,477,-4.489,432,483,157240,1104,142.4275362,"Cluster Platform SL230s Gen8, Xeon E5-2670 8C 2.600GHz, Gigabit Ethernet"
"484",2014-11-01,478,-4.489,433,484,157240,1104,142.4275362,"Cluster Platform SL230s Gen8, Xeon E5-2670 8C 2.600GHz, Gigabit Ethernet"
"304",2014-11-01,479,-4.493,466,304,199824,1802.4,110.8655126,"Cluster Platform DL360e Gen8, Xeon E5-2450 8C 2.100GHz, Gigabit Ethernet"
"387",2014-11-01,480,-4.504,455,387,171966,1385.1,124.1542127,"Cluster Platform DL360p Gen8, Xeon E5-2630 6C 2.300GHz, Gigabit Ethernet"
"497",2014-11-01,481,-4.508,441,497,153900,1125,136.8,"Cluster Platform DL380e Gen8, Xeon E5-2640 6C 2.500GHz, Gigabit Ethernet"
"302",2014-11-01,482,-4.512,480,302,200996,1944,103.3930041,"Cluster Platform DL380e Gen8, Xeon E5-2430L 8C 2.000GHz, Gigabit Ethernet"
"305",2014-11-01,483,-4.512,475,305,197937,1882.8,105.1290631,"Cluster Platform DL380p Gen8 , Xeon E5-2650 8C 2.000GHz, Gigabit Ethernet"
"351",2014-11-01,484,-4.521,470,351,186888,1726.8,108.2279361,"Cluster Platform DL360e Gen8, Xeon E5-2450 8C 2.100GHz, Gigabit Ethernet"
"494",2014-11-01,485,-4.529,453,494,154346,1211.4,127.4112597,"Cluster Platform DL380p Gen8 , Xeon E5-2640 6C 2.500GHz, Gigabit Ethernet"
"354",2014-11-01,486,-4.542,482,354,186111,1836,101.3676471,"Cluster Platform DL380p Gen8 , Xeon E5-2650 8C 2.000GHz, Gigabit Ethernet"
"371",2014-11-01,487,-4.543,474,371,176753.8,1661.4,106.3884676,"Cluster Platform DL380p Gen8 , Xeon E5-2620 6C 2.000GHz, Gigabit Ethernet"
"384",2014-11-01,488,-4.545,469,384,172862,1597.2,108.2281493,"Cluster Platform DL360e Gen8, Xeon E5-2450 8C 2.100GHz, Gigabit Ethernet"
"386",2014-11-01,489,-4.55,473,386,172029.2,1612.8,106.6649306,"Cluster Platform DL360p Gen8, Xeon E5-2620 6C 2.000GHz, Gigabit Ethernet"
"416",2014-11-01,490,-4.559,472,416,166836.5,1559.7,106.9670449,"Cluster Platform DL360p Gen8, Xeon E5-2620 6C 2.000GHz, Gigabit Ethernet"
"500",2014-11-01,491,-4.581,468,500,153381,1417.2,108.2281964,"Cluster Platform DL360e Gen8, Xeon E5-2450 8C 2.100GHz, Gigabit Ethernet"
"489",2014-11-01,492,-4.59,478,489,155534,1501.2,103.6064482,"Cluster Platform DL380p Gen8 , Xeon E5-2650 8C 2.000GHz, Gigabit Ethernet"
"406",2014-11-01,493,-4.596,486,406,168600,1798.89,93.72446342,"xSeries x3650M3 Cluster, Xeon E5649 6C 2.53GHz, Gigabit Ethernet"
"366",2014-11-01,494,-4.617,488,366,179634.4,2182.18,82.31878214,"Cluster Platform 3000 BL2x220, L54xx 2.5 Ghz, Infiniband"
"465",2014-11-01,495,-4.659,489,465,159000,1962,81.03975535,"iDataPlex DX360M4, Intel Xeon E5-2650v2  8C 2.6GHz, Infiniband FDR14, NVIDIA K20/K20x, Xeon Phi 5110P"
"415",2014-11-01,496,-4.667,494,415,167126,2222.4,75.20068395,"Cluster Platform DL360e Gen8, Xeon E5-2450L 8C 1.800GHz, Gigabit Ethernet"
"277",2014-11-01,497,-4.724,498,277,215665.1,4458,48.37709735,"HP DL160 Cluster G6, Xeon E5645 6C 2.40GHz, Gigabit Ethernet"
"464",2014-11-01,498,-4.778,496,464,159308,2899,54.95274232,"Cluster Platform SL335s Gen7, Opteron 4171 6C 2.100GHz, 10G Ethernet"
"420",2014-11-01,499,-4.91,499,420,165600,4812.42,34.41096164,"Cray XT5 QC 2.4 GHz"
"398",2014-11-01,500,-5.04,500,398,168600,7625.82,22.10909778,"BladeCenter HS23 Cluster, Xeon E5-2670 8C 2.6GHz, Gigabit Ethernet"
